contact_id,source,company_industry,company_size,time_to_first_interaction,interactions_7d,interaction_frequency,days_since_last_interaction,response_rate,total_interactions,sentiment_avg,company_revenue,tag_count,has_vip_tag,has_hot_tag,has_cold_tag,has_risk_tag,total_tasks,completed_tasks,overdue_tasks,task_completion_rate,status,converted,churned
60,organic,technology,medium,0,0,3.0,13,1.0,6,3.67,2588516515,2,0,0,0,0,3,3,0,1.0,prospect,0,0
59,other,technology,startup,0,0,4.0,10,0.143,8,3.75,1183141775,1,0,0,0,0,2,0,0,0.0,lead,0,0
58,organic,technology,small,0,0,1.5,21,0.5,3,3.67,1207658243,3,0,0,1,0,2,0,1,0.0,prospect,0,0
57,meta_ads,manufacturing,large,0,2,3.5,4,0.75,7,3.29,4346028982,2,1,0,0,0,1,0,1,0.0,lead,0,0
56,manual,technology,small,0,0,2.0,52,0.333,4,4.5,3060181024,3,0,0,1,0,0,0,0,0.0,customer,1,0
55,referral,technology,medium,0,0,2.0,40,1.0,4,3.5,375546234,3,0,0,0,0,0,0,0,0.0,customer,1,0
54,manual,technology,large,0,0,1.5,40,0.5,3,3.67,552284742,3,0,1,0,0,0,0,0,0.0,prospect,0,0
53,organic,technology,medium,0,0,4.0,14,0.6,8,3.0,375546234,3,0,1,1,0,0,0,0,0.0,lead,0,0
52,organic,technology,medium,0,1,1.5,5,0.0,3,4.33,997233005,3,0,1,0,0,0,0,0,0.0,prospect,0,0
51,manual,manufacturing,large,0,0,2.5,40,0.667,5,3.4,4346028982,1,0,0,0,0,3,1,0,0.333,churned,0,1
50,referral,technology,small,0,0,3.0,8,1.0,6,4.0,3060181024,2,0,0,1,0,3,2,1,0.667,prospect,0,0
49,referral,technology,medium,0,0,3.5,13,1.0,7,2.71,3746571958,1,0,0,0,0,3,0,0,0.0,churned,0,1
48,organic,services,small,0,0,3.5,9,0.4,7,3.86,4374204272,1,0,1,0,0,3,1,0,0.333,customer,1,0
47,organic,technology,small,0,0,1.5,47,1.0,3,4.33,3060181024,1,0,0,0,1,2,0,0,0.0,churned,0,1
46,organic,health,large,0,1,4.0,3,1.0,8,4.25,246998825,2,0,1,0,0,0,0,0,0.0,churned,0,1
45,meta_ads,technology,small,0,0,3.0,15,1.0,6,4.0,1207658243,3,0,0,0,0,0,0,0,0.0,lead,0,0
44,meta_ads,services,medium,0,0,1.5,8,0.5,3,4.33,1012426074,1,0,0,0,0,0,0,0,0.0,churned,0,1
43,organic,technology,large,0,0,2.5,26,0.667,5,4.2,1021988271,1,0,0,0,0,3,3,0,1.0,customer,1,0
42,other,technology,startup,0,0,3.5,13,1.0,7,3.57,1087468747,2,0,1,0,0,3,2,1,0.667,prospect,0,0
41,organic,services,small,0,0,2.0,25,1.0,4,4.5,4374204272,2,0,0,0,1,1,1,0,1.0,lead,0,0
40,manual,technology,startup,0,0,1.5,14,1.0,3,4.33,670116080,1,0,0,0,0,0,0,0,0.0,lead,0,0
39,meta_ads,technology,medium,0,0,1.5,27,1.0,3,5.0,4466242855,3,0,0,0,0,2,2,0,1.0,prospect,0,0
38,referral,services,small,0,1,3.0,2,0.5,6,3.67,3664612915,3,0,0,1,0,1,0,1,0.0,churned,0,1
37,referral,technology,startup,0,0,4.0,12,1.0,8,2.25,670116080,3,1,0,0,0,1,0,0,0.0,lead,0,0
36,meta_ads,technology,startup,0,0,3.5,13,0.75,7,3.57,1183141775,1,0,0,0,0,0,0,0,0.0,churned,0,1
35,organic,technology,medium,0,0,1.0,33,0.5,2,3.0,997233005,2,0,0,1,0,3,0,0,0.0,churned,0,1
34,meta_ads,technology,large,0,0,2.5,41,0.5,5,3.8,1021988271,2,0,0,0,0,3,1,0,0.333,lead,0,0
33,manual,technology,small,0,0,1.5,71,0.5,3,3.67,4333692599,2,1,0,0,0,3,1,0,0.333,churned,0,1
32,manual,technology,medium,0,0,1.0,39,1.0,2,4.0,997233005,3,1,1,0,0,3,1,0,0.333,prospect,0,0
31,referral,technology,medium,0,0,0.5,81,0.5,1,5.0,4466242855,3,0,0,0,0,3,1,2,0.333,prospect,0,0
30,meta_ads,technology,medium,0,0,1.5,62,0.0,3,4.33,4466242855,2,0,0,0,0,2,0,1,0.0,customer,1,0
29,meta_ads,retail,medium,0,3,3.5,6,0.167,7,3.57,4230971680,1,0,0,0,0,1,0,1,0.0,prospect,0,0
28,organic,technology,small,0,1,3.0,6,1.0,6,4.33,4333692599,2,0,0,0,1,1,0,0,0.0,lead,0,0
27,meta_ads,services,medium,0,0,1.5,47,0.5,3,4.33,1012426074,3,0,0,0,0,1,0,1,0.0,lead,0,0
26,referral,technology,large,0,0,3.0,8,1.0,6,4.33,1021988271,2,0,0,1,0,3,0,2,0.0,customer,1,0
25,organic,technology,startup,0,0,2.0,22,1.0,4,4.0,670116080,1,0,0,0,0,2,0,1,0.0,prospect,0,0
24,meta_ads,technology,startup,0,0,2.0,31,1.0,4,4.0,1087468747,3,0,0,0,1,2,1,0,0.5,churned,0,1
23,meta_ads,technology,small,0,0,1.5,42,0.5,3,3.0,1207658243,1,0,0,0,0,3,1,1,0.333,lead,0,0
22,manual,technology,small,0,0,1.5,35,1.0,3,3.0,1207658243,1,0,0,0,1,2,0,2,0.0,customer,1,0
21,organic,health,large,0,1,2.5,3,0.667,5,3.8,246998825,3,0,1,0,1,1,1,0,1.0,prospect,0,0
20,meta_ads,technology,large,0,0,1.0,50,1.0,2,3.0,552284742,3,1,0,0,0,0,0,0,0.0,churned,0,1
19,manual,services,small,0,1,3.5,4,1.0,7,3.86,3664612915,2,0,1,0,1,2,0,0,0.0,prospect,0,0
18,other,technology,medium,0,0,2.5,14,0.25,5,3.8,4466242855,1,0,0,1,0,1,1,0,1.0,lead,0,0
17,referral,technology,startup,0,0,4.0,27,0.6,8,3.75,1087468747,1,0,1,0,0,0,0,0,0.0,lead,0,0
16,organic,education,medium,0,0,3.0,9,0.2,6,3.33,2771221104,3,0,1,0,0,3,1,0,0.333,customer,1,0
15,referral,finance,large,0,0,0.5,10,0.0,1,5.0,1557420584,1,1,0,0,0,0,0,0,0.0,churned,0,1
14,meta_ads,technology,large,0,0,0.5,77,0.5,1,5.0,552284742,1,0,1,0,0,3,0,1,0.0,lead,0,0
13,meta_ads,technology,medium,0,0,2.5,13,1.0,5,3.4,375546234,2,0,0,0,0,0,0,0,0.0,churned,0,1
12,referral,technology,medium,0,0,2.5,8,0.667,5,4.2,2588516515,1,0,0,0,1,3,0,1,0.0,prospect,0,0
11,referral,technology,small,0,0,3.0,38,1.0,6,4.0,3060181024,2,0,1,0,0,1,1,0,1.0,customer,1,0
10,organic,technology,small,0,0,3.0,23,1.0,6,2.33,3060181024,2,0,0,0,1,1,0,0,0.0,churned,0,1
9,organic,services,medium,0,0,3.5,21,0.75,7,3.0,1615849813,3,0,0,1,0,2,2,0,1.0,prospect,0,0
8,manual,services,medium,0,0,3.0,8,0.5,6,3.33,1012426074,2,0,0,0,0,0,0,0,0.0,churned,0,1
7,other,services,medium,0,1,3.0,4,0.5,6,4.33,1012426074,2,1,0,1,0,0,0,0,0.0,prospect,0,0
6,other,services,medium,0,0,2.0,8,1.0,4,5.0,1012426074,2,0,0,0,0,0,0,0,0.0,customer,1,0
5,other,technology,medium,0,0,3.5,10,0.75,7,4.14,997233005,2,1,0,0,0,2,0,0,0.0,churned,0,1
4,manual,technology,startup,0,1,3.5,4,1.0,7,2.71,670116080,2,0,0,0,0,1,0,0,0.0,lead,0,0
3,meta_ads,technology,small,0,2,3.0,2,0.5,6,3.33,3060181024,1,0,0,0,0,3,2,1,0.667,churned,0,1
2,referral,technology,startup,0,0,0.5,91,0.5,1,5.0,1183141775,2,0,0,1,0,2,0,0,0.0,churned,0,1
1,meta_ads,services,medium,0,0,0.5,34,0.0,1,5.0,1615849813,3,1,1,0,0,0,0,0,0.0,lead,0,0
